head     1.1;
branch   1.1.1;
access   ;
symbols 
	arelease:1.1.1.1
	avendor:1.1.1;
locks    ; strict;
comment  @# @;


1.1
date     2013.04.15.02.04.57;  author ujxa393;  state Exp;
branches 1.1.1.1;
next     ;
deltatype   text;
permissions	666;

1.1.1.1
date     2013.04.15.02.04.57;  author ujxa393;  state Exp;
branches ;
next     ;
permissions	666;


desc
@@



1.1
log
@Initial revision
@
text
@<publishData>
  <publishTarget publishUrl="C:\Documents and Settings\natchanon\Desktop\CWT Demo State\Projects\CWTMasterDB\PrecompiledWeb\CWTMasterDB_Test\">
    <file relUrl="Images/button4E.jpg" publishTime="9/3/2008 2:46:00 PM" />
    <file relUrl="Images/tool bar.gif" publishTime="8/30/2008 4:51:00 PM" />
    <file relUrl="Global.asax" publishTime="2/23/2009 7:06:00 PM" />
    <file relUrl="Images/CWT sidebar.gif" publishTime="9/17/2008 11:33:00 PM" />
    <file relUrl="Web/Client/ucContactNoLookup.ascx" publishTime="2/25/2009 5:52:00 PM" />
    <file relUrl="Images/lg_carlson.gif" publishTime="8/9/2008 1:02:00 PM" />
    <file relUrl="Web/Client/ucContact.ascx" publishTime="10/14/2009 4:00:00 PM" />
    <file relUrl="Web/Client/CompanyMFProduct.aspx" publishTime="3/3/2009 2:15:00 PM" />
    <file relUrl="Web/Supplier/ClientRateCodeUpdateManager.aspx" publishTime="9/2/2010 6:06:00 PM" />
    <file relUrl="Web/CWT/AirFeeManager.aspx" publishTime="3/3/2009 2:08:00 PM" />
    <file relUrl="Images/button165.jpg" publishTime="9/1/2008 7:40:00 PM" />
    <file relUrl="Web/CSP/GDSLineDefManager.aspx" publishTime="3/3/2009 2:06:00 PM" />
    <file relUrl="Web/CWT/ConfigurationManager.aspx" publishTime="12/2/2009 4:41:00 PM" />
    <file relUrl="Web/CWT/ucDivision.ascx" publishTime="7/29/2009 9:58:00 AM" />
    <file relUrl="Web/Client/PopupAddOnFee.aspx" publishTime="4/28/2009 6:22:00 PM" />
    <file relUrl="bin/AjaxControlToolkit.dll" publishTime="2/10/2009 3:23:54 PM" />
    <file relUrl="Web/CWT/ProductsManager.aspx" publishTime="9/11/2009 12:05:00 PM" />
    <file relUrl="Web/CWT/Remark.aspx" publishTime="7/5/2010 5:13:00 PM" />
    <file relUrl="Images/button16B.jpg" publishTime="9/1/2008 7:40:00 PM" />
    <file relUrl="Images/button124.jpg" publishTime="9/3/2008 6:40:00 PM" />
    <file relUrl="Images/TreeLineImages/dashminus.gif" publishTime="9/20/2008 3:48:00 AM" />
    <file relUrl="Images/button13C.jpg" publishTime="9/1/2008 6:01:00 PM" />
    <file relUrl="Images/bar 7.jpg" publishTime="9/7/2008 1:02:00 AM" />
    <file relUrl="Web/Client/AirPricing.aspx" publishTime="7/28/2009 10:43:00 AM" />
    <file relUrl="Web/CWT/HotelFeeUpdateManager.aspx" publishTime="7/14/2010 12:20:00 PM" />
    <file relUrl="Images/client.gif" publishTime="9/18/2008 9:13:00 AM" />
    <file relUrl="Images/button77.jpg" publishTime="9/3/2008 3:10:00 PM" />
    <file relUrl="MockupUserControls/FooterContent.ascx" publishTime="7/20/2009 1:17:00 PM" />
    <file relUrl="Images/button13F.jpg" publishTime="9/3/2008 7:12:00 PM" />
    <file relUrl="Web/CWT/DivisionUpdateManager.aspx" publishTime="8/5/2009 3:30:00 PM" />
    <file relUrl="Web/Client/GDSMappingManager.aspx" publishTime="11/30/2009 12:08:00 PM" />
    <file relUrl="Images/button71.jpg" publishTime="9/3/2008 3:10:00 PM" />
    <file relUrl="Web/Supplier/ClientDisOptUpdateManager.aspx" publishTime="4/19/2010 10:56:00 AM" />
    <file relUrl="Admin/UserSystem/PermissionUpdateManager.aspx" publishTime="9/11/2009 4:42:00 PM" />
    <file relUrl="Web/Client/CompanyPayment.aspx" publishTime="11/3/2009 4:55:00 PM" />
    <file relUrl="Web/Client/PopupAirCalculation.aspx" publishTime="4/26/2009 4:23:00 PM" />
    <file relUrl="MockupUserControls/ucCWTMenu.ascx" publishTime="3/23/2011 9:04:00 PM" />
    <file relUrl="CWTPopup.master" publishTime="2/23/2009 7:15:00 PM" />
    <file relUrl="Web/Client/PopupAirFee.aspx" publishTime="5/5/2009 2:57:00 AM" />
    <file relUrl="Login.aspx" publishTime="8/7/2009 9:18:00 AM" />
    <file relUrl="Web/TestAjax.aspx" publishTime="2/23/2009 7:09:00 PM" />
    <file relUrl="Images/TreeLineImages/r.gif" publishTime="9/20/2008 3:48:00 AM" />
    <file relUrl="bin/AjaxControlToolkit.dll.refresh" publishTime="2/17/2009 2:03:36 AM" />
    <file relUrl="Web/Client/ReportConfigManager.aspx" publishTime="3/12/2010 10:23:00 AM" />
    <file relUrl="Web/Client/ucStdCannedRemark.ascx" publishTime="2/23/2009 7:10:00 PM" />
    <file relUrl="Web/Supplier/ClientPreferedAirManager.aspx" publishTime="5/28/2009 3:45:00 AM" />
    <file relUrl="Register.aspx" publishTime="2/23/2009 7:07:00 PM" />
    <file relUrl="tset.ascx" publishTime="2/23/2009 7:07:00 PM" />
    <file relUrl="Images/button7A.jpg" publishTime="9/3/2008 3:10:00 PM" />
    <file relUrl="Web/Supplier/ClientPreferedAirUpdateManager.aspx" publishTime="6/1/2009 6:19:00 PM" />
    <file relUrl="Web/Client/CompanyCannedRemarkManager.aspx" publishTime="9/11/2009 10:07:00 AM" />
    <file relUrl="Images/supplier idle.gif" publishTime="9/18/2008 5:52:00 AM" />
    <file relUrl="Admin/UserSystem/ChangeEmail.aspx" publishTime="2/23/2009 7:09:00 PM" />
    <file relUrl="Web/Supplier/PopupTravcomVendor.aspx" publishTime="4/10/2009 3:17:00 AM" />
    <file relUrl="Web/CWT/AirFeeByPNR.aspx" publishTime="9/11/2009 12:58:00 PM" />
    <file relUrl="Scripts/jsMain.js" publishTime="5/4/2009 7:02:00 PM" />
    <file relUrl="Images/TreeLineImages/lminus.gif" publishTime="9/20/2008 3:48:00 AM" />
    <file relUrl="Images/button1B5.jpg" publishTime="9/2/2008 7:19:00 PM" />
    <file relUrl="TestDB.aspx" publishTime="2/23/2009 7:07:00 PM" />
    <file relUrl="Images/bg_header_inside.gif" publishTime="8/9/2008 1:02:00 PM" />
    <file relUrl="Web/Client/ucProductMF.ascx" publishTime="7/20/2009 2:46:00 PM" />
    <file relUrl="Web/Client/DefineFieldUpdateManager.aspx" publishTime="9/11/2009 2:43:00 PM" />
    <file relUrl="Web/CWT/ucAgent.ascx" publishTime="11/24/2010 11:32:00 AM" />
    <file relUrl="Images/button74.jpg" publishTime="9/3/2008 3:10:00 PM" />
    <file relUrl="Images/loading_blue.gif" publishTime="10/13/2008 4:20:00 PM" />
    <file relUrl="Images/space.gif" publishTime="9/21/2008 2:34:00 AM" />
    <file relUrl="Images/loadingAni.gif" publishTime="10/13/2008 4:19:00 PM" />
    <file relUrl="Web/Supplier/CWTPreferedAirline.aspx" publishTime="7/1/2009 2:43:00 PM" />
    <file relUrl="Scripts/jsAirPricing.js" publishTime="4/28/2009 6:20:00 PM" />
    <file relUrl="Web/CWT/HistoryUC/ClientUC/ucClient.ascx" publishTime="3/23/2011 10:09:00 AM" />
    <file relUrl="Web/Supplier/VendorManager.aspx" publishTime="7/20/2009 3:56:00 PM" />
    <file relUrl="Web/Client/ucBankMCFee.ascx" publishTime="10/5/2009 3:10:00 PM" />
    <file relUrl="Web/CWT/HistoryUC/CWTUC/AirPricing.ascx" publishTime="3/22/2011 1:39:00 PM" />
    <file relUrl="Web/Supplier/AirlineContractUpdateManager.aspx" publishTime="2/2/2010 5:23:00 PM" />
    <file relUrl="Web/Supplier/AirlineManager.aspx" publishTime="3/25/2009 7:20:00 PM" />
    <file relUrl="Images/nav_menu.gif" publishTime="9/7/2008 1:03:00 AM" />
    <file relUrl="Web/Supplier/VendorUpdateManager.aspx" publishTime="6/26/2012 11:35:18 AM" />
    <file relUrl="Web/Client/AuxFee.aspx" publishTime="5/11/2009 3:08:00 PM" />
    <file relUrl="Web/CWT/ProductUpdateManager.aspx" publishTime="12/8/2010 9:48:00 AM" />
    <file relUrl="Test.aspx" publishTime="8/17/2011 3:49:00 PM" />
    <file relUrl="Images/TreeLineImages/rminus.gif" publishTime="9/20/2008 3:48:00 AM" />
    <file relUrl="Web/Supplier/AuxFeeManager.aspx" publishTime="9/11/2009 1:18:00 PM" />
    <file relUrl="Admin/UserSystem/RoleManager.aspx" publishTime="2/23/2009 7:09:00 PM" />
    <file relUrl="Web/Supplier/AuxChargeManager.aspx" publishTime="9/6/2010 12:15:00 PM" />
    <file relUrl="Web/CWT/RemarkManager.aspx" publishTime="3/3/2009 2:23:00 PM" />
    <file relUrl="Web/CWT/AirFuelUpdateManager.aspx" publishTime="3/3/2009 2:08:00 PM" />
    <file relUrl="MockupUserControls/ucBreadcrumb.ascx" publishTime="3/3/2009 6:48:00 PM" />
    <file relUrl="Images/side.gif" publishTime="9/18/2008 6:02:00 AM" />
    <file relUrl="Admin/UserSystem/UserUpdateManager.aspx" publishTime="6/9/2009 11:54:00 PM" />
    <file relUrl="Web/CWT/HistoryUC/SupplierUC/ucSupplier.ascx" publishTime="3/23/2011 11:09:00 PM" />
    <file relUrl="Images/help_banner.gif" publishTime="9/16/2008 12:53:00 AM" />
    <file relUrl="Web/Supplier/AuxChargeUpdateManager.aspx" publishTime="6/18/2009 12:35:00 PM" />
    <file relUrl="App_Themes/CWT/Mockup.css" publishTime="2/23/2009 6:23:40 PM" />
    <file relUrl="Images/button1CE.jpg" publishTime="9/2/2008 7:58:00 PM" />
    <file relUrl="Web/CWT/AirPricingUpdateManager.aspx" publishTime="7/23/2009 3:48:00 PM" />
    <file relUrl="Web/Supplier/ClientDisOptManager.aspx" publishTime="4/23/2010 10:47:00 AM" />
    <file relUrl="Web/Client/CompanyBillingManager.aspx" publishTime="3/3/2009 2:15:00 PM" />
    <file relUrl="Images/bar 3.gif" publishTime="9/1/2008 1:49:00 AM" />
    <file relUrl="Images/Mo_3_02.jpg" publishTime="9/16/2008 12:53:00 AM" />
    <file relUrl="Images/imgDate.JPG" publishTime="10/22/2010 4:20:00 PM" />
    <file relUrl="Images/button68.jpg" publishTime="9/3/2008 3:03:00 PM" />
    <file relUrl="Images/bground.gif" publishTime="9/1/2008 5:21:00 PM" />
    <file relUrl="Web/Client/ucStandardMCFee.ascx" publishTime="2/23/2009 7:10:00 PM" />
    <file relUrl="MockupUserControls/HeaderContent.ascx" publishTime="2/23/2009 7:08:00 PM" />
    <file relUrl="bin/CWTCustomControls.xml" publishTime="6/26/2012 11:44:36 AM" />
    <file relUrl="Images/TreeLineImages/noexpand.gif" publishTime="9/20/2008 3:48:00 AM" />
    <file relUrl="Images/bar 5.gif" publishTime="9/1/2008 2:42:00 AM" />
    <file relUrl="Web/Client/AuxPolicyManager.aspx" publishTime="10/13/2009 11:53:00 AM" />
    <file relUrl="Images/button1AC.jpg" publishTime="9/2/2008 8:19:00 PM" />
    <file relUrl="Web/Client/CarPolicyManager.aspx" publishTime="10/13/2009 11:52:00 AM" />
    <file relUrl="Web/CSP/ucGDSDetail.ascx" publishTime="7/18/2011 1:43:00 PM" />
    <file relUrl="Images/TreeLineImages/rplus.gif" publishTime="9/20/2008 3:48:00 AM" />
    <file relUrl="Web.config" publishTime="6/26/2012 11:17:43 AM" />
    <file relUrl="App_Themes/CWT/AjaxControl.css" publishTime="7/7/2009 1:03:52 PM" />
    <file relUrl="Web/Client/ClientPCCConfig.aspx" publishTime="6/8/2009 5:20:00 PM" />
    <file relUrl="Images/quicklaunh.gif" publishTime="8/31/2008 12:48:00 PM" />
    <file relUrl="Web/CWT/AirFeeByTicket.aspx" publishTime="9/11/2009 1:02:00 PM" />
    <file relUrl="Web/Supplier/AuxCustomFieldUpdateManager.aspx" publishTime="9/11/2009 1:33:00 PM" />
    <file relUrl="Images/TreeLineImages/dashplus.gif" publishTime="9/20/2008 3:48:00 AM" />
    <file relUrl="Images/TreeLineImages/l.gif" publishTime="9/20/2008 3:48:00 AM" />
    <file relUrl="Web/Client/ReasonCodeUpdateManager.aspx" publishTime="3/24/2011 3:57:00 PM" />
    <file relUrl="Images/TreeLineImages/minus.gif" publishTime="9/20/2008 3:48:00 AM" />
    <file relUrl="Images/button65.jpg" publishTime="9/3/2008 3:03:00 PM" />
    <file relUrl="Web/CWT/CountryConfig.aspx" publishTime="5/26/2009 3:53:00 PM" />
    <file relUrl="Web/CWT/AirFeeByCoupon.aspx" publishTime="9/11/2009 1:11:00 PM" />
    <file relUrl="Admin/UserSystem/ChangeUserPassword.aspx" publishTime="2/23/2009 7:09:00 PM" />
    <file relUrl="Images/gradient_blue.png" publishTime="12/17/2008 3:31:00 AM" />
    <file relUrl="Web/CWT/AirPricingManager.aspx" publishTime="10/12/2009 11:17:00 AM" />
    <file relUrl="Web/Client/HighRiskDestination.aspx" publishTime="9/10/2009 3:00:00 PM" />
    <file relUrl="Web/Client/DropListUpdateManager.aspx" publishTime="9/11/2009 2:46:00 PM" />
    <file relUrl="Web/Client/AirPolicyManager.aspx" publishTime="10/13/2009 11:47:00 AM" />
    <file relUrl="Web/CSP/ucGDSLineDefDetail.ascx" publishTime="4/13/2009 2:35:00 PM" />
    <file relUrl="Web/Client/TravelAuthorization.aspx" publishTime="4/23/2009 8:01:00 PM" />
    <file relUrl="Web/UnderConstruction.aspx" publishTime="5/5/2009 4:33:00 AM" />
    <file relUrl="Images/client idle.gif" publishTime="9/18/2008 5:52:00 AM" />
    <file relUrl="Web/Client/ClientAccountingData.aspx" publishTime="8/20/2009 3:38:00 PM" />
    <file relUrl="Images/button13B.jpg" publishTime="9/3/2008 7:12:00 PM" />
    <file relUrl="Web/CWT/ucAirPricing.ascx" publishTime="11/7/2009 4:19:00 PM" />
    <file relUrl="Images/button1E5.jpg" publishTime="9/2/2008 8:00:00 PM" />
    <file relUrl="Images/loading.gif" publishTime="10/13/2008 5:35:00 PM" />
    <file relUrl="Web/Client/ClientHotelFee.aspx" publishTime="7/13/2010 4:19:00 PM" />
    <file relUrl="Web/Supplier/AuxFeeUpdateManager.aspx" publishTime="7/8/2010 12:36:00 PM" />
    <file relUrl="Images/button127.jpg" publishTime="9/3/2008 6:40:00 PM" />
    <file relUrl="Images/button1E2.jpg" publishTime="9/2/2008 8:00:00 PM" />
    <file relUrl="Admin/UserSystem/RoleUpdateManager.aspx" publishTime="2/23/2009 7:09:00 PM" />
    <file relUrl="Web/CWT/test.aspx" publishTime="5/26/2009 1:40:00 PM" />
    <file relUrl="Images/rarrow.gif" publishTime="3/2/2009 4:29:00 PM" />
    <file relUrl="Web/CWT/HistoryUC/CWTUC/ucCWT.ascx" publishTime="8/26/2011 4:24:00 PM" />
    <file relUrl="MockupUserControls/ucSupplierMenu.ascx" publishTime="12/7/2010 12:59:00 AM" />
    <file relUrl="MonitorUser.aspx" publishTime="2/23/2009 7:07:00 PM" />
    <file relUrl="App_Themes/CWT/CWT.skin" publishTime="9/7/2009 12:40:32 PM" />
    <file relUrl="Web/CWT/CityUpdateManager.aspx" publishTime="3/16/2009 5:59:00 PM" />
    <file relUrl="MockupUserControls/ucClientMenu.ascx" publishTime="3/9/2011 12:13:00 PM" />
    <file relUrl="Images/button1CB.jpg" publishTime="9/2/2008 7:58:00 PM" />
    <file relUrl="Web/Supplier/ClientRateCodeManager.aspx" publishTime="4/22/2010 5:47:00 PM" />
    <file relUrl="Web/CWT/AirFeeByConditional.aspx" publishTime="9/11/2009 1:26:00 PM" />
    <file relUrl="Admin/UserSystem/UserManager.aspx" publishTime="2/23/2009 7:09:00 PM" />
    <file relUrl="Logoff.aspx" publishTime="2/23/2009 7:07:00 PM" />
    <file relUrl="bin/CWTMasterDB.dll.CodeAnalysisLog.xml" publishTime="4/26/2010 1:43:00 PM" />
    <file relUrl="Web/Client/ucCreditcardMCFee.ascx" publishTime="11/3/2009 4:55:00 PM" />
    <file relUrl="Web/Client/CompanyPaymentCard.aspx" publishTime="9/11/2009 2:23:00 PM" />
    <file relUrl="Web/Supplier/AirlineRuleManager.aspx" publishTime="3/27/2009 1:35:00 PM" />
    <file relUrl="Web/CWT/PopupAirlinesData.aspx" publishTime="2/23/2009 7:09:00 PM" />
    <file relUrl="bin/CWTCustomControls.dll" publishTime="6/26/2012 11:44:36 AM" />
    <file relUrl="Web/Supplier/PreferredOption.aspx" publishTime="3/25/2009 2:04:00 PM" />
    <file relUrl="Images/tool bar2.gif" publishTime="8/30/2008 4:51:00 PM" />
    <file relUrl="Images/Button.gif" publishTime="9/7/2008 2:04:00 PM" />
    <file relUrl="Images/TreeLineImages/tminus.gif" publishTime="9/20/2008 3:48:00 AM" />
    <file relUrl="Images/bar 4.gif" publishTime="9/1/2008 2:19:00 AM" />
    <file relUrl="Web/CWT/HistoryUC/SupplierHistory.aspx" publishTime="6/21/2011 10:10:00 AM" />
    <file relUrl="Images/TreeLineImages/tplus.gif" publishTime="9/20/2008 3:48:00 AM" />
    <file relUrl="Web/Supplier/AirlineUpdateManager.aspx" publishTime="1/25/2010 2:28:00 PM" />
    <file relUrl="Images/stand idle.gif" publishTime="9/18/2008 5:52:00 AM" />
    <file relUrl="Images/button2E.jpg" publishTime="9/3/2008 2:35:00 PM" />
    <file relUrl="Web/Client/SLAManager.aspx" publishTime="4/23/2009 8:00:00 PM" />
    <file relUrl="Web/Client/PopupUserList.aspx" publishTime="2/23/2009 7:10:00 PM" />
    <file relUrl="Web/Client/HotelPolicyManager.aspx" publishTime="10/13/2009 11:52:00 AM" />
    <file relUrl="Images/bar 6.gif" publishTime="9/7/2008 12:41:00 AM" />
    <file relUrl="Scripts/jsPopup.js" publishTime="6/1/2009 3:47:00 PM" />
    <file relUrl="MockupUserControls/LeftAccordionContent.ascx" publishTime="8/26/2011 4:24:00 PM" />
    <file relUrl="bin/CWTMasterDB.dll" publishTime="6/26/2012 11:47:53 AM" />
    <file relUrl="Web/Client/HighRiskAirlines.aspx" publishTime="3/3/2009 2:18:00 PM" />
    <file relUrl="Images/collapse.jpg" publishTime="12/17/2008 1:58:00 AM" />
    <file relUrl="Images/expand.jpg" publishTime="12/17/2008 1:58:00 AM" />
    <file relUrl="testAD.aspx" publishTime="2/23/2009 7:07:00 PM" />
    <file relUrl="Default.aspx" publishTime="2/23/2009 6:28:00 PM" />
    <file relUrl="Images/button4B.jpg" publishTime="9/3/2008 2:46:00 PM" />
    <file relUrl="Web/CSP/GDSLineDefUpdateManager.aspx" publishTime="8/20/2009 9:37:00 AM" />
    <file relUrl="Web/CWT/DivisionManager.aspx" publishTime="8/26/2011 4:24:00 PM" />
    <file relUrl="Web/CWT/HistoryUC/ClientHistory.aspx" publishTime="4/6/2011 3:49:00 PM" />
    <file relUrl="Images/button12F.jpg" publishTime="9/3/2008 6:54:00 PM" />
    <file relUrl="Web/CWT/HolidayUpdateManager.aspx" publishTime="2/23/2009 7:09:00 PM" />
    <file relUrl="Images/button12C.jpg" publishTime="9/3/2008 6:54:00 PM" />
    <file relUrl="Web/CWT/HotelFeeManager.aspx" publishTime="7/14/2010 3:08:00 PM" />
    <file relUrl="Web/CWT/ConfigurationUpdateManager.aspx" publishTime="4/14/2009 6:48:00 PM" />
    <file relUrl="Admin/UserSystem/ProfileUpdate.aspx" publishTime="2/23/2009 7:09:00 PM" />
    <file relUrl="Web/Client/CompanyUpdateManager.aspx" publishTime="11/16/2009 10:48:00 AM" />
    <file relUrl="TestLinkedDB.aspx" publishTime="3/25/2009 3:40:00 PM" />
    <file relUrl="Web/test.aspx" publishTime="10/10/2008 3:14:00 PM" />
    <file relUrl="Images/button136.jpg" publishTime="9/1/2008 6:01:00 PM" />
    <file relUrl="Images/bar 8.jpg" publishTime="9/1/2008 1:07:00 PM" />
    <file relUrl="Web/Client/ReasonCodeManager.aspx" publishTime="3/3/2009 2:06:00 PM" />
    <file relUrl="Web/CWT/CityManager.aspx" publishTime="4/8/2010 12:17:00 PM" />
    <file relUrl="Images/TreeLineImages/lplus.gif" publishTime="9/20/2008 3:48:00 AM" />
    <file relUrl="Web/CWT/HistoryUC/ClientUC/ClientAirPricing.ascx" publishTime="3/23/2011 6:03:00 PM" />
    <file relUrl="Images/cwt idle.gif" publishTime="9/18/2008 5:52:00 AM" />
    <file relUrl="Images/CWT.gif" publishTime="9/20/2008 3:04:00 AM" />
    <file relUrl="Images/home_banner.gif" publishTime="9/16/2008 12:53:00 AM" />
    <file relUrl="Images/TreeLineImages/t.gif" publishTime="9/20/2008 3:48:00 AM" />
    <file relUrl="Images/TreeLineImages/i.gif" publishTime="9/20/2008 3:48:00 AM" />
    <file relUrl="Web/CWT/RemarkUpdateManager.aspx" publishTime="3/3/2009 2:23:00 PM" />
    <file relUrl="Images/button1B2.jpg" publishTime="9/2/2008 7:19:00 PM" />
    <file relUrl="bin/CWTMasterDB.xml" publishTime="6/26/2012 11:47:53 AM" />
    <file relUrl="Web/Client/ucBillingEmail.ascx" publishTime="2/14/2011 5:15:00 PM" />
    <file relUrl="Admin/UserSystem/PermissionManager.aspx" publishTime="2/23/2009 7:09:00 PM" />
    <file relUrl="Web/CWT/AirFuelManager.aspx" publishTime="3/3/2009 2:08:00 PM" />
    <file relUrl="Web/Client/IncidentManager.aspx" publishTime="6/12/2009 9:55:00 PM" />
    <file relUrl="Web/Client/CompanyAuxFee.aspx" publishTime="9/11/2009 4:23:00 PM" />
    <file relUrl="bin/CWTCustomControls.pdb" publishTime="6/26/2012 11:44:36 AM" />
    <file relUrl="Images/img4.gif" publishTime="8/30/2008 4:51:00 PM" />
    <file relUrl="Web/Client/DefineFieldManager.aspx" publishTime="9/11/2009 2:40:00 PM" />
    <file relUrl="Images/logout.gif" publishTime="9/16/2008 12:53:00 AM" />
    <file relUrl="Images/button186.jpg" publishTime="9/2/2008 12:54:00 AM" />
    <file relUrl="Images/button18C.jpg" publishTime="9/2/2008 12:54:00 AM" />
    <file relUrl="Web/Client/CompanyServices.aspx" publishTime="9/3/2009 3:28:00 PM" />
    <file relUrl="Images/button100.jpg" publishTime="9/3/2008 4:59:00 PM" />
    <file relUrl="bin/CWTMasterDB.dll.lastcodeanalysissucceeded" publishTime="4/26/2010 1:43:00 PM" />
    <file relUrl="Images/button115.jpg" publishTime="9/1/2008 5:23:00 PM" />
    <file relUrl="Web/CWT/HolidayManager.aspx" publishTime="2/23/2009 7:09:00 PM" />
    <file relUrl="Images/button1D4.jpg" publishTime="9/2/2008 7:58:00 PM" />
    <file relUrl="Images/button17B.jpg" publishTime="9/1/2008 11:30:00 PM" />
    <file relUrl="Web/Supplier/AuxCustomFieldManager.aspx" publishTime="9/11/2009 1:22:00 PM" />
    <file relUrl="Web/CWT/CannedRemarkManager.aspx" publishTime="9/11/2009 1:19:00 PM" />
    <file relUrl="bin/CWTMasterDB.pdb" publishTime="6/26/2012 11:47:53 AM" />
    <file relUrl="Images/button1D7.jpg" publishTime="9/2/2008 7:58:00 PM" />
    <file relUrl="Web/Supplier/AirlineRuleUpdateManager.aspx" publishTime="11/8/2010 2:57:00 PM" />
    <file relUrl="Images/buttonFD.jpg" publishTime="9/3/2008 4:59:00 PM" />
    <file relUrl="Images/TreeLineImages/dash.gif" publishTime="9/20/2008 3:48:00 AM" />
    <file relUrl="Images/TreeLineImages/plus.gif" publishTime="9/20/2008 3:48:00 AM" />
    <file relUrl="Web/Client/CompanySearch.aspx" publishTime="12/15/2010 5:35:00 PM" />
    <file relUrl="CWT.master" publishTime="4/10/2009 3:23:00 AM" />
    <file relUrl="Web/Client/ucBillingAddress.ascx" publishTime="10/12/2009 12:17:00 PM" />
    <file relUrl="Web/Supplier/AirlineContractManager.aspx" publishTime="4/30/2009 12:54:00 AM" />
    <file relUrl="Images/new mdb1.jpg" publishTime="8/30/2008 4:51:00 PM" />
    <file relUrl="Images/supplier.gif" publishTime="9/21/2008 9:04:00 PM" />
    <file relUrl="Images/button31.jpg" publishTime="9/3/2008 2:35:00 PM" />
    <file relUrl="Web/CWT/HistoryUC/SupplierUC/SuppAirlineCommission.ascx" publishTime="6/28/2011 2:24:00 PM" />
    <file relUrl="Web/CWT/HistoryUC/CWTHistory.aspx" publishTime="5/8/2011 12:04:00 PM" />
  </publishTarget>
  <publishTarget publishUrl="C:\Documents and Settings\natchanon\Desktop\CWT Demo State\Projects\CWTMasterDB\PrecompiledWeb\CWTMasterDB\">
    <file relUrl="Web/Client/PopupAddOnFee.aspx" publishTime="2/23/2009 7:10:16 PM" />
    <file relUrl="Web/Client/DefineFieldUpdateManager.aspx" publishTime="2/23/2009 7:10:19 PM" />
    <file relUrl="Web/CWT/ProductsManager.aspx" publishTime="2/23/2009 7:09:58 PM" />
    <file relUrl="Global.asax" publishTime="2/23/2009 7:06:17 PM" />
    <file relUrl="Web/CWT/PopupAirlinesData.aspx" publishTime="2/23/2009 7:09:58 PM" />
    <file relUrl="Web/CWT/AirFeeByConditional.aspx" publishTime="2/23/2009 7:10:06 PM" />
    <file relUrl="MockupUserControls/ucCWTMenu.ascx" publishTime="2/23/2009 6:57:57 PM" />
    <file relUrl="Web/Client/ucStdCannedRemark.ascx" publishTime="2/23/2009 7:10:08 PM" />
    <file relUrl="Login.aspx" publishTime="2/23/2009 7:07:46 PM" />
    <file relUrl="Admin/UserSystem/ProfileUpdate.aspx" publishTime="2/23/2009 7:09:04 PM" />
    <file relUrl="Web/Client/ReasonCode.aspx" publishTime="2/23/2009 7:10:14 PM" />
    <file relUrl="Web/CWT/HolidayManager.aspx" publishTime="2/23/2009 7:09:59 PM" />
    <file relUrl="Web/CWT/ProductUpdateManager.aspx" publishTime="2/23/2009 7:09:57 PM" />
    <file relUrl="Web/Client/AuxPricingManager.aspx" publishTime="2/23/2009 7:10:25 PM" />
    <file relUrl="Web/Client/ucBillingEmail.ascx" publishTime="2/23/2009 7:10:11 PM" />
    <file relUrl="App_Themes/CWT/AjaxControl.css" publishTime="2/23/2009 6:23:40 PM" />
    <file relUrl="bin/CWTCustomControls.xml" publishTime="2/23/2009 7:00:05 PM" />
    <file relUrl="Web/CWT/AirPricingManager.aspx" publishTime="2/23/2009 7:10:03 PM" />
    <file relUrl="Web/CSP/GDSLineDefUpdateManager.aspx" publishTime="2/23/2009 7:10:07 PM" />
    <file relUrl="MockupUserControls/LeftAccordionContent.ascx" publishTime="2/23/2009 7:08:09 PM" />
    <file relUrl="TestDB.aspx" publishTime="2/23/2009 7:07:15 PM" />
    <file relUrl="Admin/UserSystem/RoleManager.aspx" publishTime="2/23/2009 7:09:05 PM" />
    <file relUrl="Web/Client/AirPolicyManager.aspx" publishTime="2/23/2009 7:10:26 PM" />
    <file relUrl="Web/CWT/ucAirPricing.ascx" publishTime="2/23/2009 7:09:56 PM" />
    <file relUrl="Web/Client/ReportConfigManager.aspx" publishTime="2/23/2009 7:10:13 PM" />
    <file relUrl="Web/Client/CompanyMFProduct.aspx" publishTime="2/23/2009 7:10:22 PM" />
    <file relUrl="MonitorUser.aspx" publishTime="2/23/2009 7:07:14 PM" />
    <file relUrl="Web/Client/ucBillingAddress.ascx" publishTime="2/23/2009 7:10:11 PM" />
    <file relUrl="Web/Client/ucContact.ascx" publishTime="2/23/2009 7:10:11 PM" />
    <file relUrl="Web/CWT/HolidayUpdateManager.aspx" publishTime="2/23/2009 7:09:59 PM" />
    <file relUrl="Register.aspx" publishTime="2/23/2009 7:07:46 PM" />
    <file relUrl="Web/CWT/AuxFeeUpdateManager.aspx" publishTime="2/23/2009 7:10:02 PM" />
    <file relUrl="Admin/UserSystem/PermissionUpdateManager.aspx" publishTime="2/23/2009 7:09:04 PM" />
    <file relUrl="Web/CWT/RemarkUpdateManager.aspx" publishTime="2/23/2009 7:09:57 PM" />
    <file relUrl="Web/CWT/AirFuelManager.aspx" publishTime="2/23/2009 7:10:04 PM" />
    <file relUrl="tset.ascx" publishTime="2/23/2009 7:07:13 PM" />
    <file relUrl="Web/Client/SLAManager.aspx" publishTime="2/23/2009 7:10:13 PM" />
    <file relUrl="bin/CWTMasterDB.pdb" publishTime="2/23/2009 7:16:50 PM" />
    <file relUrl="Web/CSP/GDSLineDefManager.aspx" publishTime="2/23/2009 7:10:08 PM" />
    <file relUrl="Web/Client/ucCreditcardMCFee.ascx" publishTime="2/23/2009 7:10:10 PM" />
    <file relUrl="Web/Client/ClientAccountingData.aspx" publishTime="2/23/2009 7:10:24 PM" />
    <file relUrl="bin/CWTMasterDB.dll" publishTime="2/23/2009 7:16:50 PM" />
    <file relUrl="Web/Client/HighRiskDestination.aspx" publishTime="2/23/2009 7:10:18 PM" />
    <file relUrl="Web/CWT/AuxFeeManager.aspx" publishTime="2/23/2009 7:10:02 PM" />
    <file relUrl="Web/Client/ReasonCodeManager.aspx" publishTime="2/23/2009 7:10:14 PM" />
    <file relUrl="Web/Client/ucProductMF.ascx" publishTime="2/23/2009 7:10:09 PM" />
    <file relUrl="Web/Client/DefineFieldManager.aspx" publishTime="2/23/2009 7:10:20 PM" />
    <file relUrl="Web/Client/ucBankMCFee.ascx" publishTime="2/23/2009 7:10:12 PM" />
    <file relUrl="Web/CWT/CannedRemarkManager.aspx" publishTime="2/23/2009 7:10:01 PM" />
    <file relUrl="Web/Client/GDSMappingManager.aspx" publishTime="2/23/2009 7:10:18 PM" />
    <file relUrl="Web/CWT/AirFeeManager.aspx" publishTime="2/23/2009 7:10:04 PM" />
    <file relUrl="MockupUserControls/HeaderContent.ascx" publishTime="2/23/2009 7:08:09 PM" />
    <file relUrl="Web/Client/CompanyPaymentCard.aspx" publishTime="2/23/2009 7:10:21 PM" />
    <file relUrl="Web/CWT/ucDivision.ascx" publishTime="2/23/2009 7:09:55 PM" />
    <file relUrl="App_Themes/CWT/Mockup.css" publishTime="2/23/2009 6:23:40 PM" />
    <file relUrl="Web/Client/DropListUpdateManager.aspx" publishTime="2/23/2009 7:10:19 PM" />
    <file relUrl="Admin/UserSystem/UserManager.aspx" publishTime="2/23/2009 7:09:05 PM" />
    <file relUrl="App_Themes/CWT/CWT.skin" publishTime="2/23/2009 6:23:40 PM" />
    <file relUrl="Web/Client/CarPolicyManager.aspx" publishTime="2/23/2009 7:10:24 PM" />
    <file relUrl="Web/Client/AuxPolicyManager.aspx" publishTime="2/23/2009 7:10:25 PM" />
    <file relUrl="Web/Client/ucContactNoLookup.ascx" publishTime="2/23/2009 7:10:10 PM" />
    <file relUrl="testAD.aspx" publishTime="2/23/2009 7:07:15 PM" />
    <file relUrl="Web/Client/ReasonCodeUpdateManager.aspx" publishTime="2/23/2009 7:10:14 PM" />
    <file relUrl="Admin/UserSystem/PermissionManager.aspx" publishTime="2/23/2009 7:09:03 PM" />
    <file relUrl="CWT.master" publishTime="2/23/2009 7:15:50 PM" />
    <file relUrl="MockupUserControls/ucClientMenu.ascx" publishTime="2/23/2009 6:57:57 PM" />
    <file relUrl="bin/CWTCustomControls.dll" publishTime="2/23/2009 7:00:05 PM" />
    <file relUrl="Test.aspx" publishTime="2/23/2009 7:07:14 PM" />
    <file relUrl="Web/CWT/DivisionManager.aspx" publishTime="2/23/2009 7:09:59 PM" />
    <file relUrl="bin/CWTCustomControls.pdb" publishTime="2/23/2009 7:00:05 PM" />
    <file relUrl="Web/CSP/ucGDSLineDefDetail.ascx" publishTime="2/23/2009 7:10:07 PM" />
    <file relUrl="Default.aspx" publishTime="2/23/2009 6:28:29 PM" />
    <file relUrl="Web/Client/IncidentManager.aspx" publishTime="2/23/2009 7:10:17 PM" />
    <file relUrl="Web/test.aspx" publishTime="10/10/2008 3:14:13 PM" />
    <file relUrl="MockupUserControls/FooterContent.ascx" publishTime="2/23/2009 6:57:58 PM" />
    <file relUrl="CWTPopup.master" publishTime="2/23/2009 7:15:50 PM" />
    <file relUrl="Web/CWT/AirFeeByPNR_Bak.aspx" publishTime="2/23/2009 7:10:05 PM" />
    <file relUrl="Web/CWT/ucAgent.ascx" publishTime="2/23/2009 7:09:56 PM" />
    <file relUrl="Web/Client/HotelPolicyManager.aspx" publishTime="2/23/2009 7:10:17 PM" />
    <file relUrl="Web/Client/CompanyServices.aspx" publishTime="2/23/2009 7:10:21 PM" />
    <file relUrl="Web/Client/CompanySearch.aspx" publishTime="2/23/2009 7:10:21 PM" />
    <file relUrl="Admin/UserSystem/RoleUpdateManager.aspx" publishTime="2/23/2009 7:09:05 PM" />
    <file relUrl="Web/CSP/ucGDSDetail.ascx" publishTime="2/23/2009 7:10:07 PM" />
    <file relUrl="Admin/UserSystem/UserUpdateManager.aspx" publishTime="2/23/2009 7:09:03 PM" />
    <file relUrl="Web/CWT/AirFeeByPNR.aspx" publishTime="2/23/2009 7:10:05 PM" />
    <file relUrl="Admin/UserSystem/ChangeEmail.aspx" publishTime="2/23/2009 7:09:02 PM" />
    <file relUrl="Web/Client/ucStandardMCFee.ascx" publishTime="2/23/2009 7:10:09 PM" />
    <file relUrl="Web/Client/TravelAuthorization.aspx" publishTime="2/23/2009 7:10:12 PM" />
    <file relUrl="Web/CWT/CountryConfig.aspx" publishTime="2/23/2009 7:10:00 PM" />
    <file relUrl="Admin/UserSystem/ChangeUserPassword.aspx" publishTime="2/23/2009 7:09:03 PM" />
    <file relUrl="Web/Client/HighRiskAirlines.aspx" publishTime="2/23/2009 7:10:18 PM" />
    <file relUrl="Web/CWT/ConfigurationUpdateManager.aspx" publishTime="2/23/2009 7:10:00 PM" />
    <file relUrl="Web/Client/PopupAirFee.aspx" publishTime="2/23/2009 7:10:15 PM" />
    <file relUrl="Web/CWT/AirPricingUpdateManager.aspx" publishTime="2/23/2009 7:10:02 PM" />
    <file relUrl="Web/CWT/AirFeeByCoupon.aspx" publishTime="2/23/2009 7:10:06 PM" />
    <file relUrl="Web/TestAjax.aspx" publishTime="2/23/2009 7:09:55 PM" />
    <file relUrl="Web/Client/PopupAirCalculation.aspx" publishTime="2/23/2009 7:10:16 PM" />
    <file relUrl="bin/CWTMasterDB.xml" publishTime="2/23/2009 7:16:50 PM" />
    <file relUrl="bin/AjaxControlToolkit.dll" publishTime="2/10/2009 3:23:54 PM" />
    <file relUrl="Web/Client/CompanyUpdateManager.aspx" publishTime="2/23/2009 7:10:20 PM" />
    <file relUrl="Web/Client/CompanyBillingManager.aspx" publishTime="2/23/2009 7:10:23 PM" />
    <file relUrl="Web/CWT/AirFuelUpdateManager.aspx" publishTime="2/23/2009 7:10:03 PM" />
    <file relUrl="Web/Client/CompanyPayment.aspx" publishTime="2/23/2009 7:10:22 PM" />
    <file relUrl="Web/Client/PopupUserList.aspx" publishTime="2/23/2009 7:10:15 PM" />
    <file relUrl="Web/CWT/RemarkManager.aspx" publishTime="2/23/2009 7:09:57 PM" />
    <file relUrl="Web/Client/CompanyCannedRemarkManager.aspx" publishTime="2/23/2009 7:10:23 PM" />
    <file relUrl="Web/CWT/ConfigurationManager.aspx" publishTime="2/23/2009 7:10:01 PM" />
    <file relUrl="Web/CWT/AirFeeByTicket.aspx" publishTime="2/23/2009 7:10:04 PM" />
    <file relUrl="Logoff.aspx" publishTime="2/23/2009 7:07:13 PM" />
    <file relUrl="Web/Client/AirPricingManager.aspx" publishTime="2/23/2009 7:10:26 PM" />
    <file relUrl="Web.config" publishTime="2/23/2009 6:59:48 PM" />
  </publishTarget>
</publishData>@


1.1.1.1
log
@no message
@
text
@@
